ajenti,django-suit,django-xadmin,flask-admin,flower,grappelli,wooey,algorithms,pypattyrn,python-patterns,
sortedcontainers,libraries,django-simple-captcha,django-simple-spam-blocker,django-compressor,django-pipeline,
django-storages,fanstatic,fileconveyor,flask-assets,jinja-assets-compressor,webassets,audiolazy,audioread,beets,
dejavu,django-elastic-transcoder,eyed3,id3reader,m3u8,mingus,pyaudioanalysis,pydub,pyechonest,talkbox,timeside,tinytag,
authomatic,django-allauth,django-oauth-toolkit,flask-oauthlib,oauthlib,python-oauth2,python-social-auth,rauth,sanction,
jose,pyjwt,python-jws,python-jwt,bitbake,buildout,platformio,pybuilder,scons,django-cms,djedi-cms,feincms,kotti,mezzanine,
opps,plone,quokka,wagtail,widgy,libraries,beaker,diskcache,django-cache-machine,django-cacheops,django-viewlet,
dogpile.cache,hermescache,johnny-cache,pylibmc,errbot,coala,code2flow,pycallgraph,flake8,pylama,pylint,mypy,asciimatics,
cement,click,cliff,clint,colorama,docopt,gooey,python-fire,python-prompt-toolkit,aws-cli,bashplotlib,caniusepython3,
cookiecutter,doitlive,howdoi,httpie,mycli,pathpicker,percol,pgcli,saws,try,python-future,python-modernize,six,
opencv,pyocr,pytesseract,simplecv,eventlet,gevent,multiprocessing,threading,tomorrow,uvloop,config,configobj,configparser,
profig,python-decouple,cryptography,hashids,paramiko,passlib,pynacl,blaze,open,orange,pandas,cerberus,colander,jsonschema,
schema,schematics,valideer,voluptuous,altair,bokeh,ggplot,matplotlib,pygal,pygraphviz,pyqtgraph,seaborn,vispy,pickledb,
pipelinedb,tinydb,zodb,mysql,mysql-python,mysqlclient,oursql,pymysql,postgresql,psycopg2,queries,txpostgres,apsw,dataset,
pymssql,nosql,cassandra-python-driver,happybase,plyvel,py2neo,pycassa,pymongo,redis-py,telephus,txredis,arrow,chronyk,
dateutil,delorean,moment,pendulum,pytime,pytz,when.py,ipdb,pdb++,pudb,remote-pdb,wdb,line_profiler,memory_profiler,
profiling,vprof,caffe,keras,mxnet,neupy,pytorch,tensorflow,theano,ansible,cloud-init,cuisine,docker,fabric,fabtools,
honcho,openstack,pexpect,psutil,saltstack,supervisor,dh-virtualenv,nuitka,py2app,py2exe,pyinstaller,pynsist,sphinx,
awesome-sphinxdoc,mkdocs,pdoc,pycco,s3cmd,s4cmd,you-get,youtube-dl,alipay,cartridge,django-oscar,django-shop,merchant,ms-excel,
money,python-currencies,forex-python,shoop,emacs,elpy,sublime,anaconda,sublimejedi,vim,jedi-vim,python-mode,youcompleteme,
ptvs,python,magic,liclipse,pycharm,spyder,libraries,envelopes,flanker,imbox,inbox.py,lamson,marrow,modoboa,nylas,
yagmail,pipenv,pyenv,venv,virtualenv,virtualenvwrapper,imghdr,mimetypes,path.py,pathlib,python-magic,unipath,watchdog,
cffi,ctypes,pycuda,swig,deform,django-bootstrap3,django-crispy-forms,django-remote-forms,wtforms,cytoolz,fn.py,funcy,
toolz,curses,enaml,flexx,kivy,pyglet,pygobject,pyqt,pyside,pywebview,tkinter,toga,urwid,wxpython,cocos2d,panda3d,
pygame,pyogre,pyopengl,pysdl2,renpy,django-countries,geodjango,geoip,geojson,geopy,pygeoip,beautifulsoup,bleach,
cssutils,html5lib,lxml,markupsafe,pyquery,untangle,weasyprint,xmldataset,xmltodict,grequests,httplib2,requests,
treq,urllib3,ino,keyboard,mouse,pingo,pyro,pyuserinput,scapy,wifi,hmap,imgseek,nude.py,pagan,pillow,pybarcode,
pygram,python-qrcode,quads,scikit-image,thumbor,wand,clpython,cpython,cython,grumpy,ironpython,jython,micropython,
numba,peachpy,pyjion,pypy,pysec,pyston,stackless,interactive,bpython,jupyter,ptpython,babel,pyicu,apscheduler,
django-schedule,doit,gunnery,joblib,plan,schedule,spiff,taskflow,eliot,logbook,logging,sentry,metrics,nupic,
scikit-learn,spark,vowpal_porpoise,xgboost,pyspark,luigi,mrjob,streamparse,dask,python(x,y),pythonlibs,pythonnet,
pywin32,winpython,gensim,jieba,langid.py,nltk,pattern,polyglot,snownlp,spacy,textblob,mininet,pox,pyretic,sdx,
asyncio,diesel,pulsar,pyzmq,twisted,txzmq,napalm,django-activity-stream,stream-framework,django,sqlalchemy,
awesome-sqlalchemy,orator,peewee,ponyorm,pydal,python-sql,pip,conda,curdling,pip-tools,wheel,warehouse,warehouse,
bandersnatch,devpi,localshop,carteblanche,django-guardian,django-rules,delegator.py subprocesses for,sarge,sh,celery,huey,
mrq,rq,simpleq,annoy,fastfm,implicit,libffm,lightfm,surprise,tensorrec,django-rest-framework,django-tastypie,flask,eve,
flask-api-utils,flask-api,flask-restful,flask-restless,pyramid,cornice,framework,falcon,hug,restless,ripozo,sandman,
apistar,simplejsonrpcserver,simplexmlrpcserver,zerorpc,astropy,bcbio-nextgen,bccb,biopython,cclib,networkx,nipy,numpy,
open,obspy,pydy,pymc,rdkit,scipy,statsmodels,sympy,zipline,simpy,django-haystack,elasticsearch-dsl-py,elasticsearch-py,
esengine,pysolr,solrpy,whoosh,marshmallow,apex,python-lambda,zappa,tablib,marmir,openpyxl,pyexcel,python-docx,relatorio,
unoconv,xlsxwriter,xlwings,xlwt,xlrd,pdf,pdfminer,pypdf2,reportlab,markdown,mistune,python-markdown,yaml,pyyaml,csvkit,
unp,cactus,hyde,lektor,nikola,pelican,tinkerer,django-taggit,genshi,jinja2,mako,hypothesis,mamba,nose,nose2,pytest,robot,
unittest,green,tox,locust,pyautogui,selenium,sixpack,splinter,doublex,freezegun,httmock,httpretty,responses,vcr.py,
factory_boy,mixer,model_mommy,mimesis,fake2db,faker,radar,chardet,difflib,ftfy,fuzzywuzzy,levenshtein,pangu.py,pyfiglet,
pypinyin,shortuuid,unidecode,uniout,xpinyin,slugify,awesome-slugify,python-slugify,unicode-slugify,parser,phonenumbers,
ply,pygments,pyparsing,python-nameparser,python-user-agents,sqlparse,apache-libcloud,boto3,django-wordpress,facebook-sdk,
facepy,gmail,google-api-python-client,gspread,twython,furl,purl,pyshorteners,short_url,webargs,moviepy,scikit-video,
wsgi-compatible,bjoern,fapws3,gunicorn,meinheld,netius,paste,rocket,uwsgi,waitress,werkzeug,haul,html2text,lassie,
micawber,newspaper,opengraph,python-goose,python-readability,sanitize,sumy,textract,cola,demiurge,feedparser,grab,
mechanicalsoup,portia,pyspider,robobrowser,scrapy,bottle,cherrypy,django,awesome-django,flask,awesome-flask,pyramid,
awesome-pyramid,sanic,tornado,turbogears,web2py,github,autobahnpython,crossbar,django-socketio,websocket-for-python,
javascript,php,c#,c++,ruby,css,css3,c,objective-c,shell,scala,swift,matlab,clojure,octave,html,html5,wordpress,
machine learning,ml,neural networks,neural network,SAP, SQL,R, SAS, SQL,Data Management, R, SAS, SQL, STATA, 
SPSS,Data Analysis,Certified Internal Auditor,Statistical Software,Time Management, R, 
Tableau, Data Science,AI, Quantitative Analysis, , Analysis Skills, CSS,Statistical Software, R, Image Processing, 
SQL, Cloud Computing, ArcGIS, GIS, AWSR, SQL,Linux, R, C/C++,JavaScript, TS/SCI Clearance, R, C/C++,R, SPSS, Data Analysis, 
Statistical Software, SAS,AI,R, SQL, Natural Language Processing, Data Science,R, SPSS, Data Analysis, 
Statistical Software,SAS,Analysis Skills, Data Science,TensorFlow,Project Planning, Linux, C/C++, Jira,Statisical Analysis, 
SPSS, Statistical Software,, Scala, Tableau, Java,Drivers License, Data Science,Microsoft SQL Server, , Visual Basic, SAS, SQL, 
 Tableau, Microsoft Access, SPSS,LMRT,AI,R,Natural Language Processing, Data Science,IIS, TS/SCI Clearance,
TensorFlow, Git,  SVN,TensorFlow, JavaScript, React, Adobe Photoshop, CSS, HTML5,Android,
Microsoft SQL Server, Data Management, Power BI, CAD Software, SQL, Microsoft Access, SharePoint, ArcGIS,
Scripting, R, Perl, SQL, MATLAB,Splunk, , Data Science,Grant Writing,Natural Language Processing, Hive, Spark, 
Microsoft Powerpoint, Hadoop, MATLAB,, Statisical Analysis, Qualitative Research,AI, Quantitative Analysis, 
Microsoft SQL Server, Visual Basic, R, SQL, .Net, C#,Big Data, Natural Language Processing, Spark,Hadoop,
Microsoft Powerpoint, Microsoft Office,.Net, C#, Software Development, MATLAB, Image Processing, Signal Processing, 
C/C++,Pentaho, DB2,AI, Next Generation Sequencing, Bioinformatics,Data Warehouse, R, SAS, Statisical Analysis, 
SQL,Alteryx,Predictive Analytics, Hive, Spark, SQL, AWS,Business Intelligence, Data Mining, R, SAS, Sentiment Analytics, 
SQL, SPSS, Data Science,Data Management, MATLAB, R, SAS,JavaScript, XML, Hadoop, R, SQL, HTML5, 
Shell Scripting, CSS, AWS,Salesforce CRM, Pardot, Marketing Automation, SQL,Statistical Software,visual basics, 
R, SAS, Microsoft Office,  SQL, Big Data, Alteryx, SPSS, MATLAB, Six Sigma Certification, 
Six Sigma, Google Suite,Quantitative Analysis, Visual Basic, R, Oracle, C/C++, SQL,iot,internet of things 
Tableau, ArcGIS, Troubleshooting, QlikView, GIS,Hive, Ruby, Hadoop, R, Statisical Analysis, C/C++, Java, Spark, 
MATLAB, PHP,Data Management, Network, R, C/C++, JSON, SQL, Haskell, Java, CI, Unit Testing, NoSQL, MATLAB,  
OOP,Database Administration, Microsoft SQL Server, R, PostgreSQL, MATLAB, OOP, PHP, Drupal, 
Software Testing, SAS, Microsoft Office, Content Management Systems, ArcGIS,Project Management, R, 
SAS, SQL, Tableau, SPSS, QlikView, MATLAB,Linux, Red Hat Enterprise Linux, CompTIA Security+, R, 
C/C++, SQL, JSON, MCSD, C#, Ruby, Kafka, Java, .Net, Shell Scripting, Linux, Red Hat Enterprise Linux, 
CompTIA Security+, R, C,C++, SQL, JSON, MCSD, C#, Ruby, Kafka,Java, .Net, Shell Scripting, TensorFlow, 
Linux, Google Cloud Platform, Azure, Solr, SQL, Natural Language Processing, Threading, AI, Image Processing, 
Git,Elasticsearch,Big Data,AWS,core java,mvc frameworks,spring,amazon web services,ajax,jquery,jsp,servlet
